{"stat.pickup.minecraft.bone":21,"stat.pickup.minecraft.stone_pressure_plate":2,"stat.leaveGame":2,"stat.pickup.quark.lit_lamp":2,"stat.killEntity.raider":166,"stat.pickup.chisel.technicalnew":2,"stat.useItem.chiselsandbits.block_bit":472,"stat.useItem.minecraft.diamond_sword":3,"stat.useItem.immersiveengineering.metal_ladder":43,"stat.pickup.mw.spetznaz_boots":5,"stat.climbOneCm":6655,"stat.pickup.minecraft.porkchop":10,"stat.useItem.minecraft.stone_slab2":691,"stat.useItem.betterbuilderswands.wandunbreakable":27,"stat.entityKilledBy.bandit1":2,"stat.pickup.minecraft.rotten_flesh":30,"stat.pickup.roughtweaks.plaster":2,"stat.useItem.openmodularturrets.laser_turret":7,"stat.pickup.mw.smaw":3,"stat.pickup.minecraft.cobblestone":2,"stat.pickup.biomesoplenty.ebony_fence_gate":2,"stat.pickup.immersivepetroleum.stone_decoration":2,"stat.flyOneCm":426866,"stat.useItem.chiselsandbits.chiseled_iron":14,"stat.pickup.quark.tallow":1,"stat.useItem.immersiveengineering.cloth_device":2,"stat.pickup.minecraft.redstone":5,"stat.pickup.mw.fnp90":2,"stat.timeSinceDeath":16094,"stat.pickup.chiselsandbits.block_bit":2,"stat.useItem.mw.m249":5,"stat.pickup.malisisdoors.verticalhatch":2,"stat.pickup.minecraft.spruce_fence":3,"stat.pickup.mw.spas-12":3,"stat.killEntity.Creeper":16,"stat.pickup.minecraft.string":2,"stat.pickup.mw.shotgunshell":1,"stat.pickup.mw.fnp90mag":10,"stat.pickup.mw.m249":5,"stat.sprintOneCm":72543,"stat.pickup.immersiveengineering.sheetmetal":2,"stat.useItem.chiselsandbits.chiseled_rock":41,"stat.entityKilledBy.Creeper":3,"stat.pickup.immersiveengineering.metal_ladder":7,"stat.deaths":12,"stat.entityKilledBy.raider":1,"stat.drop":1,"stat.playOneMinute":117417,"stat.useItem.immersiveengineering.wooden_device0":4,"stat.killEntity.pyromaniac":13,"stat.entityKilledBy.brute":1,"stat.useItem.malisisdoors.rustyhatch":5,"stat.pickup.minecraft.iron_sword":2,"stat.killEntity.brute":69,"stat.pickup.roughtweaks.bandage":1,"stat.useItem.immersiveengineering.metal_decoration1_slab":15,"stat.useItem.immersiveengineering.metal_decoration2":1,"stat.useItem.immersiveengineering.metal_decoration1":62,"stat.useItem.immersiveengineering.stone_decoration":496,"stat.jump":517,"stat.fallOneCm":4391,"stat.pickup.chisel.technical1":2,"stat.useItem.mw.smaw":2,"stat.pickup.minecraft.gunpowder":4,"stat.crouchOneCm":13915,"stat.killEntity.bandit1":2,"stat.pickup.raiders.brute_serum_sample":8,"stat.pickup.air_support.circuit_board":2,"stat.damageTaken":3485,"stat.pickup.minecraft.feather":4,"stat.pickup.immersiveengineering.stone_decoration":12,"stat.useItem.littlelooter.machete":3,"stat.pickup.minecraft.planks":2,"stat.useItem.immersiveengineering.metal_device0":12,"stat.useItem.immersiveengineering.metal_device1":6,"stat.damageDealt":649,"stat.killEntity.tweaker":40,"stat.drop.roughtweaks.plaster":1,"stat.pickup.openmodularturrets.turret_base":2,"stat.pickup.reccomplex.block_selector_floating":1,"stat.walkOneCm":256843,"stat.useItem.immersiveengineering.storage":3,"stat.pickup.minecraft.golden_apple":317,"stat.pickup.minecraft.stick":24,"stat.pickup.chisel.factory":4,"stat.useItem.immersiveengineering.sheetmetal":26,"stat.entityKilledBy.gassy":1,"stat.useItem.immersivepetroleum.stone_decoration":122,"stat.pickup.openmodularturrets.laser_turret":11,"stat.pickup.minecraft.chicken":2,"stat.pickup.mw.makarovpm":2,"stat.pickup.mw.smawrocket":20,"stat.killEntity.Chicken":3,"stat.pickup.malisisdoors.sliding_trapdoor":4,"stat.mobKills":332,"stat.pickup.mw.m249mag":35,"stat.pickup.mw.bullet57x28":640,"stat.useItem.minecraft.golden_apple":1,"stat.useItem.immersiveengineering.stone_decoration_slab":7,"stat.pickup.quark.iron_ladder":1,"stat.pickup.immersiveengineering.metal_device0":2,"stat.pickup.minecraft.red_flower":5,"stat.pickup.mw.spetznaz_chest":5,"stat.sneakTime":7286,"stat.pickup.raiders.sat_transmitter_part":2,"stat.pickup.mw.spetznaz_helmet":5,"stat.entityKilledBy.tweaker":4}