{"name":"Unnamed set","quests":[{"uuid":"de9ab58f-24cb-4dc4-b187-510ad26b991c","name":"Unnamed","x":146,"y":38,"commandrewards":[]},{"uuid":"a99d52d9-1a7c-48bf-8e53-8c4c4e89175d","name":"Unnamed","x":157,"y":62,"commandrewards":[]},{"uuid":"42d26513-56ec-4340-8dcc-c3f2a2bc07a7","name":"Unnamed","x":168,"y":38,"commandrewards":[]},{"uuid":"e2d1d48e-bfa1-47d0-b196-bdc29db11d54","name":"Unnamed","x":157,"y":19,"tasks":[{"type":"DETECT","description":"Click Me!","items":[]}],"commandrewards":[]}],"reputationBar":[]}