[{"uuid":"ce5629e6-9967-4fdf-81aa-df6663a222bf","name":"MalContentFL","lives":3,"team":{"id":-1,"lifeSetting":"SHARE","rewardSetting":"ALL","players":[{"uuid":"ce5629e6-9967-4fdf-81aa-df6663a222bf","owner":true,"bookOpen":false,"inTeam":true}],"reputations":[],"questDataList":[{"questId":"de9ab58f-24cb-4dc4-b187-510ad26b991c","questData":{"players":1,"rewards":[false],"completed":false,"claimed":false,"available":true,"time":0,"tasksSize":0,"tasks":[]}},{"questId":"a99d52d9-1a7c-48bf-8e53-8c4c4e89175d","questData":{"players":1,"rewards":[false],"completed":false,"claimed":false,"available":true,"time":0,"tasksSize":0,"tasks":[]}},{"questId":"42d26513-56ec-4340-8dcc-c3f2a2bc07a7","questData":{"players":1,"rewards":[false],"completed":false,"claimed":false,"available":true,"time":0,"tasksSize":0,"tasks":[]}},{"questId":"e2d1d48e-bfa1-47d0-b196-bdc29db11d54","questData":{"players":1,"rewards":[false],"completed":false,"claimed":false,"available":true,"time":0,"tasksSize":1,"tasks":[{"type":"ITEMS","completed":false,"count":0,"progress":[]}]}}],"invites":[]},"playedLore":false,"receivedBook":false,"groupData":{},"deaths":{"ce5629e6-9967-4fdf-81aa-df6663a222bf":[0,0,0,0,0,0,0,0,0,3,9,0,0,0,0]}}]